registerNumber,name,dateOfBirth,batchYear,courseCode
732925AMR001,AARIYA I,28/10/2007,2025 - 2029,AIML
732925AMR002,ABDUL ZAAHIR KHAN A,26/11/2007,2025 - 2029,AIML
732925AMR003,AGALYA A S,24/11/2007,2025 - 2029,AIML
732925AMR004,AISHWARYA M M,07/12/2007,2025 - 2029,AIML
732925AMR005,AKSHAYA S,27/10/2007,2025 - 2029,AIML
732925AMR006,AMBARISH ADITHYA K,28/08/2008,2025 - 2029,AIML
732925AMR007,ANEESH FATHIMA S,07/04/2008,2025 - 2029,AIML
732925AMR008,ASHWATH P,25/10/2007,2025 - 2029,AIML
732925AMR009,CHAVI JAIN,26/11/2007,2025 - 2029,AIML
732925AMR010,DEEPIKA C,23/10/2007,2025 - 2029,AIML
732925AMR011,DEVIKA K S,14/10/2007,2025 - 2029,AIML
732925AMR012,DHANISHA R,30/05/2007,2025 - 2029,AIML
732925AMR013,DHARANEESH B,12/06/2008,2025 - 2029,AIML
732925AMR014,DHARSHANA K,20/11/2007,2025 - 2029,AIML
732925AMR015,DHARSHINI K,28/07/2007,2025 - 2029,AIML
732925AMR016,DHARSHINI SURESH,26/06/2008,2025 - 2029,AIML
732925AMR017,GIRUBHAAVINAN K,02/10/2007,2025 - 2029,AIML
732925AMR018,GOKUL S,25/12/2007,2025 - 2029,AIML
732925AMR019,HARI BINDHA S,10/05/2008,2025 - 2029,AIML
732925AMR020,ISTHANYA V,25/05/2008,2025 - 2029,AIML
732925AMR021,JAI SRI S,22/02/2008,2025 - 2029,AIML
732925AMR022,JAMEEL FAIZ S,08/01/2006,2025 - 2029,AIML
732925AMR023,JANARANJAN G V,27/04/2008,2025 - 2029,AIML
732925AMR024,JANARITHIKA S,13/12/2007,2025 - 2029,AIML
732925AMR025,JANARTHANAN V,18/07/2008,2025 - 2029,AIML
732925AMR026,JANSIPRIYA S,15/11/2007,2025 - 2029,AIML
732925AMR027,JEEVITHA S,16/11/2007,2025 - 2029,AIML
732925AMR028,JOVIKKA N S,10/01/2008,2025 - 2029,AIML
732925AMR029,KAMALI A R,29/04/2008,2025 - 2029,AIML
732925AMR030,KAVISHRI S,20/10/2008,2025 - 2029,AIML
732925AMR031,KAVIYA SHRI DHACHINAMOORTHY,09/08/2007,2025 - 2029,AIML
732925AMR032,KAVYAN LAKSHMANAN,22/09/2007,2025 - 2029,AIML
732925AMR033,KEERTHANA G,28/08/2007,2025 - 2029,AIML
732925AMR034,KRISSHA M G,28/04/2008,2025 - 2029,AIML
732925AMR035,LAKSHADEEPAN K,09/07/2007,2025 - 2029,AIML
732925AMR036,MANEESHKUMAR K,27/12/2007,2025 - 2029,AIML
732925AMR037,MEGAVARTHINI M,08/06/2008,2025 - 2029,AIML
732925AMR038,MOHIT BALAJI R,14/08/2007,2025 - 2029,AIML
732925AMR039,PAVITHRA C,05/11/2007,2025 - 2029,AIML
732925AMR040,PRANESH GOVINDASAMY NIRMALA,30/12/2007,2025 - 2029,AIML
732925AMR041,PRUTHVIN G,28/07/2007,2025 - 2029,AIML
732925AMR042,RAKSHETHA R,03/09/2008,2025 - 2029,AIML
732925AMR043,RAMAKRISHNA K M,02/01/2008,2025 - 2029,AIML
732925AMR044,SABARI G,13/01/2008,2025 - 2029,AIML
732925AMR045,SADHANA G,10/03/2008,2025 - 2029,AIML
732925AMR046,SAMBASIVAM V,20/03/2007,2025 - 2029,AIML
732925AMR047,SANJEEVIKA C V,07/03/2008,2025 - 2029,AIML
732925AMR048,SANTHOSHINI J,20/01/2008,2025 - 2029,AIML
732925AMR049,SHAKTHIPRIYA K,22/10/2007,2025 - 2029,AIML
732925AMR050,SHARMITHA B,09/08/2007,2025 - 2029,AIML
732925AMR051,SHERLIN J,29/09/2007,2025 - 2029,AIML
732925AMR052,SHUNMIKAA C V,07/03/2008,2025 - 2029,AIML
732925AMR053,SIVA MADHAV J,28/04/2008,2025 - 2029,AIML
732925AMR054,SRIDHAR E,23/07/2008,2025 - 2029,AIML
732925AMR055,SWATHINI K,15/09/2007,2025 - 2029,AIML
732925AMR056,SWETHA K,24/05/2008,2025 - 2029,AIML
732925AMR057,THENDRAL G,27/06/2008,2025 - 2029,AIML
732925AMR058,THIRUKKUMARAN B,22/05/2007,2025 - 2029,AIML
732925AMR059,UJITHAA S S,01/11/2007,2025 - 2029,AIML
732925AMR060,VAISHALI ANANDH SUDHA,11/04/2008,2025 - 2029,AIML
732925AMR061,VIDHUNIKA K M,25/11/2007,2025 - 2029,AIML
732925AMR062,VINOTHINI V,01/07/2008,2025 - 2029,AIML
732925AMR063,VISHVA C,10/04/2008,2025 - 2029,AIML
732925BMR001,AADHI SREE K,10/12/2008,2025 - 2029,BME
732925BMR002,AADITHIYAN G J,06/05/2008,2025 - 2029,BME
732925BMR003,AAGNASH SILVIYA R,27/06/2006,2025 - 2029,BME
732925BMR004,ABISHEK K,30/09/2007,2025 - 2029,BME
732925BMR005,AISHWARYADEVI M,25/06/2008,2025 - 2029,BME
732925BMR006,AMRITHA P,15/08/2006,2025 - 2029,BME
732925BMR007,ARAVIND K M,09/04/2008,2025 - 2029,BME
732925BMR008,ARUNA V B,14/05/2008,2025 - 2029,BME
732925BMR009,ASHLIHA A,15/09/2008,2025 - 2029,BME
732925BMR010,ASHWIKA D,09/04/2008,2025 - 2029,BME
732925BMR011,ASNA S,08/10/2007,2025 - 2029,BME
732925BMR012,ASWATH JUHHAIL S,09/02/2008,2025 - 2029,BME
732925BMR013,ASWIN G,10/03/2008,2025 - 2029,BME
732925BMR014,BABYSRI S,13/06/2008,2025 - 2029,BME
732925BMR015,BALAMURUGAN V,20/09/2007,2025 - 2029,BME
732925BMR016,BAVYA S,13/11/2007,2025 - 2029,BME
732925BMR017,BHAVANA R,27/05/2007,2025 - 2029,BME
732925BMR018,BHUVANESH S,18/06/2008,2025 - 2029,BME
732925BMR019,DEEKSHA S M,08/03/2008,2025 - 2029,BME
732925BMR020,DEEPIKA D,01/04/2025,2025 - 2029,BME
732925BMR021,DEVISHREE S,31/01/2008,2025 - 2029,BME
732925BMR022,DHANA SEELAN S,09/04/2025,2025 - 2029,BME
732925BMR023,DHANUSH D,13/03/2007,2025 - 2029,BME
732925BMR024,DHARINEESH J,26/04/2008,2025 - 2029,BME
732925BMR025,DHIVISHNA A,20/08/2007,2025 - 2029,BME
732925BMR026,DINESHKUMAR S,14/10/2007,2025 - 2029,BME
732925BMR027,DIVAKAR,11/05/2008,2025 - 2029,BME
732925BMR028,DIVYA V,19/05/2008,2025 - 2029,BME
732925BMR029,DURGADEVI G,13/05/2008,2025 - 2029,BME
732925BMR030,ELANSERAN R,12/11/2007,2025 - 2029,BME
732925BMR031,ELAVARASI T,23/04/2007,2025 - 2029,BME
732925BMR032,EMAYADHARAN S,30/09/2007,2025 - 2029,BME
732925BMR034,GOWRISHANKAR K,17/03/2008,2025 - 2029,BME
732925BMR035,HARINE SHREE P,20/03/2005,2025 - 2029,BME
732925BMR036,HARIPRASATH J,17/03/2008,2025 - 2029,BME
732925BMR037,HARITHA M,15/03/2007,2025 - 2029,BME
732925BMR038,HASHINI K,26/12/2007,2025 - 2029,BME
732925BMR039,HRIDINANDA T,25/02/2007,2025 - 2029,BME
732925BMR040,ILAVARASI M,11/08/2008,2025 - 2029,BME
732925BMR041,INISHA N,18/06/2008,2025 - 2029,BME
732925BMR042,JAYAKRIYA V R,30/07/2007,2025 - 2029,BME
732925BMR043,JEEVAN KISHORE B,29/07/2007,2025 - 2029,BME
732925BMR044,KALAISELVI C,21/01/2008,2025 - 2029,BME
732925BMR045,KANIHASRI B,03/10/2006,2025 - 2029,BME
732925BMR046,KARAN S M,09/10/2008,2025 - 2029,BME
732925BMR047,KAVIYA M,24/03/2007,2025 - 2029,BME
732925BMR048,KIRUTHIGA G,23/04/2006,2025 - 2029,BME
732925BMR049,KOKILAVARSHINI V,01/05/2008,2025 - 2029,BME
732925BMR050,KOWSIKA G S,15/07/2007,2025 - 2029,BME
732925BMR051,KRISHNAJITH K,14/10/2007,2025 - 2029,BME
732925BMR052,LAVANYA M,07/04/2008,2025 - 2029,BME
732925BMR053,LAVANYA R,14/08/2006,2025 - 2029,BME
732925BMR054,MADHUPRAHALYA R R,19/03/2008,2025 - 2029,BME
732925BMR055,MAHALAKSHMI S,09/06/2008,2025 - 2029,BME
732925BMR056,MANOJ S,16/04/2008,2025 - 2029,BME
732925BMR057,MEGA K,03/08/2008,2025 - 2029,BME
732925BMR058,MEYGNANAVEL G,23/01/2008,2025 - 2029,BME
732925BMR059,MOHAMMED THAHA H,21/08/2025,2025 - 2029,BME
732925BMR060,MONIKA T,10/09/2007,2025 - 2029,BME
732925BMR061,MONISH P,10/06/2008,2025 - 2029,BME
732925BMR062,MOUNIKA M,02/12/2007,2025 - 2029,BME
732925BMR063,MUTHUVEL S,21/02/2008,2025 - 2029,BME
732925BMR064,MYTHILY V,08/06/2008,2025 - 2029,BME
732925BMR065,NAGALALITHA D,15/05/2007,2025 - 2029,BME
732925BMR066,NALINI AMIRTHAVEL,12/11/2007,2025 - 2029,BME
732925BMR067,NANDHINI PRIYA P,16/06/2008,2025 - 2029,BME
732925BMR068,NARENDHIRAN S,16/11/2006,2025 - 2029,BME
732925BMR069,NATHIKASRI K,01/01/2008,2025 - 2029,BME
732925BMR070,NATHIYA M,17/06/2008,2025 - 2029,BME
732925BMR071,NAVIYASRI S,28/02/2006,2025 - 2029,BME
732925BMR072,NEUSIA PRAISLEN P,15/01/2007,2025 - 2029,BME
732925BMR073,NISHWAN V,09/07/2008,2025 - 2029,BME
732925BMR074,NIVETHASRI M,20/05/2008,2025 - 2029,BME
732925BMR075,POORNA SRI T,04/12/2007,2025 - 2029,BME
732925BMR076,PRABADEVI G P,29/09/2008,2025 - 2029,BME
732925BMR077,PRADHAKSHNA K,12/09/2007,2025 - 2029,BME
732925BMR078,PRANAV VIJAYAKUMAR NAIR,24/10/2007,2025 - 2029,BME
732925BMR079,PRASANTH R K,07/01/2008,2025 - 2029,BME
732925BMR080,PRINCY M,29/01/2008,2025 - 2029,BME
732925BMR081,PRIYADHARSHINI T,16/07/2008,2025 - 2029,BME
732925BMR082,RAGUL P,24/03/2008,2025 - 2029,BME
732925BMR083,RAMYA S,22/09/2007,2025 - 2029,BME
732925BMR084,RASHMIKA S K,17/05/2008,2025 - 2029,BME
732925BMR085,RINAAZ A,01/07/2007,2025 - 2029,BME
732925BMR086,RITHANYA L,02/01/2008,2025 - 2029,BME
732925BMR087,RITHANYA S,12/01/2008,2025 - 2029,BME
732925BMR088,RITHICK AATHI D,16/05/2008,2025 - 2029,BME
732925BMR089,RITHISH M,25/06/2007,2025 - 2029,BME
732925BMR090,RIYAASHINI BALAKRISHNAN,25/02/2008,2025 - 2029,BME
732925BMR091,ROOBIKA G,26/02/2008,2025 - 2029,BME
732925BMR092,ROSHINI K,14/06/2008,2025 - 2029,BME
732925BMR093,RUBY D,06/12/2007,2025 - 2029,BME
732925BMR094,SABEETHA D,10/02/2008,2025 - 2029,BME
732925BMR095,SAHANA S,09/08/2007,2025 - 2029,BME
732925BMR096,SANJAY C M,10/03/2008,2025 - 2029,BME
732925BMR097,SANJAYSANTHANAM S S,28/12/2007,2025 - 2029,BME
732925BMR098,SAVITHA V,22/10/2007,2025 - 2029,BME
732925BMR099,SHANMUGA PRIYA R,23/03/2008,2025 - 2029,BME
732925BMR100,SHRIJA M,09/11/2007,2025 - 2029,BME
732925BMR101,SNEHA M,14/02/2007,2025 - 2029,BME
732925BMR102,SOUNDARYA B,20/12/2007,2025 - 2029,BME
732925BMR103,SRI DHARSHINI T,08/03/2008,2025 - 2029,BME
732925BMR104,SRI DHARSHINI V,27/09/2007,2025 - 2029,BME
732925BMR105,SRIHARI M,14/01/2008,2025 - 2029,BME
732925BMR106,SUBASH KJ,05/08/2007,2025 - 2029,BME
732925BMR107,SUDARSINI A,27/10/2007,2025 - 2029,BME
732925BMR109,SUSMITHA S,19/11/2007,2025 - 2029,BME
732925BMR110,TAMILSELVI A,13/06/2006,2025 - 2029,BME
732925BMR111,THIRUMAGAL MAHENDRAN,11/05/2008,2025 - 2029,BME
732925BMR112,UDHIYA SURIYA J,27/07/2008,2025 - 2029,BME
732925BMR114,VAITHISHWARI A,20/01/2008,2025 - 2029,BME
732925BMR115,VARSHA B,20/09/2008,2025 - 2029,BME
732925BMR116,VARSHINI M,13/03/2008,2025 - 2029,BME
732925BMR117,VENU PRASATH R,16/02/2008,2025 - 2029,BME
732925BMR118,VIJAY S,25/11/2007,2025 - 2029,BME
732925BMR119,VISHNAVI N,04/09/2007,2025 - 2029,BME
732925BMR120,YOGASRI S,09/09/2008,2025 - 2029,BME
732925BMR121,YOGITHA S T,13/08/2008,2025 - 2029,BME
732925BMR122,YUVANJAN I,17/10/2007,2025 - 2029,BME
732925CEL001,DINESH D,06/10/2006,2025 - 2029,CIVIL
732925CEL002,MOULEESHWARAN K,02/12/2007,2025 - 2029,CIVIL
732925CEL003,VENKATACHALAM P,22/09/2006,2025 - 2029,CIVIL
732925CER001,ABIGEETHA S B,06/05/2008,2025 - 2029,CIVIL
732925CER002,ALIASGAR M K,03/04/2007,2025 - 2029,CIVIL
732925CER003,ANISYAA M,17/11/2008,2025 - 2029,CIVIL
732925CER005,DHANUSHYA R,25/03/2008,2025 - 2029,CIVIL
732925CER006,DHIVAKAR V,16/07/2007,2025 - 2029,CIVIL
732925CER007,GRIFFIN RAJESH S J,13/03/2008,2025 - 2029,CIVIL
732925CER008,JEEVESH R,03/03/2008,2025 - 2029,CIVIL
732925CER009,JEYAH SHURRYAA S,21/05/2008,2025 - 2029,CIVIL
732925CER010,KAVIN M,22/06/2008,2025 - 2029,CIVIL
732925CER011,KOWSALYA M,15/07/2007,2025 - 2029,CIVIL
732925CER012,KOWSALYA S,01/08/2008,2025 - 2029,CIVIL
732925CER013,LOHITYA K,11/03/2008,2025 - 2029,CIVIL
732925CER014,MOHINDAPRASAD P N,14/05/2008,2025 - 2029,CIVIL
732925CER015,MUGILAN S,26/10/2007,2025 - 2029,CIVIL
732925CER016,NAREN KARTHICK S,28/01/2008,2025 - 2029,CIVIL
732925CER017,NAVASREE M,16/08/2008,2025 - 2029,CIVIL
732925CER018,NIVETHA S,18/09/2007,2025 - 2029,CIVIL
732925CER019,POOVARASAN M,03/03/2008,2025 - 2029,CIVIL
732925CER020,SANJEEV S,21/02/2007,2025 - 2029,CIVIL
732925CER021,SANTHIYARANI S,09/01/2008,2025 - 2029,CIVIL
732925CER022,SARAN R,21/01/2008,2025 - 2029,CIVIL
732925CER023,SHARMI SHREE C,17/11/2006,2025 - 2029,CIVIL
732925CER024,SHARMILA K,05/08/2008,2025 - 2029,CIVIL
732925CER025,SOWMIYA R,13/02/2008,2025 - 2029,CIVIL
732925CER026,SOWRISHWAR P,29/06/2008,2025 - 2029,CIVIL
732925CER027,SRIKANYA V S,02/10/2006,2025 - 2029,CIVIL
732925CER028,SRIMATHI P,23/07/2008,2025 - 2029,CIVIL
732925CER029,SRIRAM R,12/04/2008,2025 - 2029,CIVIL
732925CER030,THAMILARASU M,27/03/2007,2025 - 2029,CIVIL
732925CER031,VIKKRAM RAJKUMAR J B,19/01/2008,2025 - 2029,CIVIL
732925CSL001,BRUNDHA A B M,09/07/2008,2025 - 2029,CSE
732925CSL002,HEMA D,28/03/2007,2025 - 2029,CSE
732925CSL003,NIKILAN R,18/09/2007,2025 - 2029,CSE
732925CSL004,RAKSHAN B S,01/06/2008,2025 - 2029,CSE
732925CSL005,SUJITH MURUGESAN,03/02/2026,2025 - 2029,CSE
732925CSL006,THIRUKUMARAN J,19/05/2008,2025 - 2029,CSE
732925CSL007,YASWANTH S,02/02/2008,2025 - 2029,CSE
732925CSR001,AAMIR A,12/06/2007,2025 - 2029,CSE
732925CSR002,AATHISRI SUDHA RAJENDRAN,30/08/2007,2025 - 2029,CSE
732925CSR003,ABINAYA B,12/03/2008,2025 - 2029,CSE
732925CSR004,ABISEK S U,26/01/2008,2025 - 2029,CSE
732925CSR005,ABISHEK SUGUMAR,08/01/2008,2025 - 2029,CSE
732925CSR006,AKASH P,02/06/2008,2025 - 2029,CSE
732925CSR007,AKHIL T P,28/10/2007,2025 - 2029,CSE
732925CSR008,ANANDHAVARSHINI T,13/12/2007,2025 - 2029,CSE
732925CSR009,ANEEQUA MISRIYA S,20/12/2007,2025 - 2029,CSE
732925CSR010,ANUSUBA S,28/07/2008,2025 - 2029,CSE
732925CSR011,ANUSUYA M,22/06/2007,2025 - 2029,CSE
732925CSR012,ASHWANTH S,18/10/2007,2025 - 2029,CSE
732925CSR013,ASMITHA D,12/04/2008,2025 - 2029,CSE
732925CSR014,ASMITHA M,21/03/2008,2025 - 2029,CSE
732925CSR015,ASWATHA R,28/11/2007,2025 - 2029,CSE
732925CSR016,ASWIN P,04/05/2008,2025 - 2029,CSE
732925CSR017,ATHISAYA S,08/07/2008,2025 - 2029,CSE
732925CSR018,BALAJI J,25/08/2007,2025 - 2029,CSE
732925CSR019,BAVANA K A,31/05/2008,2025 - 2029,CSE
732925CSR020,BAVASRI S B,21/03/2008,2025 - 2029,CSE
732925CSR021,BHARATH B,30/12/2007,2025 - 2029,CSE
732925CSR022,BHARATHI C,14/05/2008,2025 - 2029,CSE
732925CSR023,BHAVANA N,29/09/2008,2025 - 2029,CSE
732925CSR024,BHAVANA S,17/04/2008,2025 - 2029,CSE
732925CSR025,BHAVANIKAA R N,08/01/2008,2025 - 2029,CSE
732925CSR026,BHAWYASREE R,15/05/2008,2025 - 2029,CSE
732925CSR027,BRINDA V S,20/09/2007,2025 - 2029,CSE
732925CSR028,BRINDHA S,03/12/2007,2025 - 2029,CSE
732925CSR029,CIBI DHARSHAN M,20/08/2008,2025 - 2029,CSE
732925CSR030,DARNISH K,25/06/2008,2025 - 2029,CSE
732925CSR031,DEEPANA D,26/06/2007,2025 - 2029,CSE
732925CSR032,DEEPIKA S,25/06/2008,2025 - 2029,CSE
732925CSR033,DEVADHARSHINI P,17/09/2007,2025 - 2029,CSE
732925CSR034,DHAMOTHIRAN P,24/03/2008,2025 - 2029,CSE
732925CSR035,DHANISHKA P,29/12/2007,2025 - 2029,CSE
732925CSR036,DHANUSHIYA V,11/06/2007,2025 - 2029,CSE
732925CSR037,DHARANEEDHARAN N,08/10/2007,2025 - 2029,CSE
732925CSR038,DHARANI K,06/12/2006,2025 - 2029,CSE
732925CSR039,DHARANI S,25/09/2007,2025 - 2029,CSE
732925CSR040,DHARSANI R D,05/09/2007,2025 - 2029,CSE
732925CSR041,DHARSHINI R M,26/09/2007,2025 - 2029,CSE
732925CSR042,DHIVYADHARSHINI N,30/01/2008,2025 - 2029,CSE
732925CSR043,DUSHYAND K K,02/11/2007,2025 - 2029,CSE
732925CSR044,ELAKKIYAN B,21/05/2008,2025 - 2029,CSE
732925CSR045,FASNA B,23/12/2007,2025 - 2029,CSE
732925CSR046,GAYATHRI D,12/07/2007,2025 - 2029,CSE
732925CSR047,GAYATHRI J,10/01/2008,2025 - 2029,CSE
732925CSR048,GEERTHANA V,02/04/2008,2025 - 2029,CSE
732925CSR049,GEERTHIKA N,15/12/2007,2025 - 2029,CSE
732925CSR050,GOPIKA R,19/11/2007,2025 - 2029,CSE
732925CSR051,GOWSALYA D,12/08/2007,2025 - 2029,CSE
732925CSR052,GOWSHIKRAJ THANGAVEL,26/07/2007,2025 - 2029,CSE
732925CSR053,GOWTHAMAN S,18/02/2008,2025 - 2029,CSE
732925CSR054,HARIHARASUDHAN S,27/09/2007,2025 - 2029,CSE
732925CSR055,HARIPRASATH R,10/08/2007,2025 - 2029,CSE
732925CSR056,HARISH S,03/07/2008,2025 - 2029,CSE
732925CSR057,HIRAL H VAKHARIA,18/02/2008,2025 - 2029,CSE
732925CSR058,INDHU SRI S,19/09/2007,2025 - 2029,CSE
732925CSR059,INDHUMALINI P,19/09/2007,2025 - 2029,CSE
732925CSR060,INDHUMATHI S,17/11/2007,2025 - 2029,CSE
732925CSR061,INIYA P,22/08/2007,2025 - 2029,CSE
732925CSR062,INTUJA A,10/06/2008,2025 - 2029,CSE
732925CSR063,JAI VISHNU R,13/07/2007,2025 - 2029,CSE
732925CSR064,JEEVADHARSHINI B,15/08/2008,2025 - 2029,CSE
732925CSR065,JENIFER D,04/11/2007,2025 - 2029,CSE
732925CSR066,JEYAPRATHA L J,07/02/2008,2025 - 2029,CSE
732925CSR067,KAHINESRI P,26/02/2007,2025 - 2029,CSE
732925CSR068,KALAIVENTHAN S,11/01/2008,2025 - 2029,CSE
732925CSR069,KANIGA SREE K S,02/10/2006,2025 - 2029,CSE
732925CSR070,KANISHKA R,24/08/2008,2025 - 2029,CSE
732925CSR071,KANISHKAA S,27/11/2007,2025 - 2029,CSE
732925CSR072,KARISHMA M,20/10/2007,2025 - 2029,CSE
732925CSR073,KARISHMAA MOORTHY,08/09/2007,2025 - 2029,CSE
732925CSR074,KARPAGAVALLI S,29/08/2008,2025 - 2029,CSE
732925CSR075,KARUNESH G K S,19/01/2008,2025 - 2029,CSE
732925CSR076,KARUPPUSAMY K S,23/09/2007,2025 - 2029,CSE
732925CSR077,KAVIVARSHINI C,04/06/2008,2025 - 2029,CSE
732925CSR078,KEERTHANA M,03/01/2008,2025 - 2029,CSE
732925CSR079,KOUSICRAJA S M,08/09/2007,2025 - 2029,CSE
732925CSR080,KOWSIGA K,27/11/2007,2025 - 2029,CSE
732925CSR081,LALITH M K,20/12/2007,2025 - 2029,CSE
732925CSR082,MADHAN PRABHU V,15/04/2008,2025 - 2029,CSE
732925CSR083,MADHUVARSHINI K,19/03/2008,2025 - 2029,CSE
732925CSR084,MAHALAKSHMI K,22/09/2007,2025 - 2029,CSE
732925CSR085,MAISARAH M,22/11/2007,2025 - 2029,CSE
732925CSR086,MANOJ M,06/09/2007,2025 - 2029,CSE
732925CSR087,MARIYAABI S,23/08/2008,2025 - 2029,CSE
732925CSR088,MIRUTHULAA P,14/08/2007,2025 - 2029,CSE
732925CSR089,MITRA S,28/12/2007,2025 - 2029,CSE
732925CSR090,MOHAMOODHA IRFANA M,29/08/2007,2025 - 2029,CSE
732925CSR091,MOHANAA SUNDARII S,05/11/2007,2025 - 2029,CSE
732925CSR092,MONICKRISHNA S,21/06/2007,2025 - 2029,CSE
732925CSR093,MOUNIKA S M,14/05/2008,2025 - 2029,CSE
732925CSR094,MYTHILI M,30/11/2007,2025 - 2029,CSE
732925CSR095,NAMRITHA SIVACHANDRAN,21/09/2007,2025 - 2029,CSE
732925CSR096,NANDITA A R,24/04/2008,2025 - 2029,CSE
732925CSR097,NAVEEN S G,31/12/2007,2025 - 2029,CSE
732925CSR098,NESHIKA SRI S,23/04/2008,2025 - 2029,CSE
732925CSR099,NETRA M,12/11/2007,2025 - 2029,CSE
732925CSR100,NIKILA V B,05/01/2008,2025 - 2029,CSE
732925CSR101,NIKITHA S,17/06/2008,2025 - 2029,CSE
732925CSR102,NITHILA J S,01/02/2008,2025 - 2029,CSE
732925CSR103,NITHIN S,14/07/2008,2025 - 2029,CSE
732925CSR105,NIVETHINA SRI P S,23/04/2008,2025 - 2029,CSE
732925CSR106,PARINITA M,21/09/2007,2025 - 2029,CSE
732925CSR107,PAVITHRA MUTHU BHASKAR,27/07/2007,2025 - 2029,CSE
732925CSR108,PERIYAR SELVAM B,05/10/2007,2025 - 2029,CSE
732925CSR109,POOJA K,06/11/2007,2025 - 2029,CSE
732925CSR110,POOJA P,12/11/2007,2025 - 2029,CSE
732925CSR111,POOJASHREE V,15/03/2008,2025 - 2029,CSE
732925CSR112,POORNIMA V,19/09/2007,2025 - 2029,CSE
732925CSR113,POORNIMADEVI G,17/07/2008,2025 - 2029,CSE
732925CSR114,PRABAKARAN K,25/03/2008,2025 - 2029,CSE
732925CSR115,PRAKALYA S K,17/10/2007,2025 - 2029,CSE
732925CSR116,PRANITH S,12/08/2008,2025 - 2029,CSE
732925CSR117,PRARTTHANA P,22/02/2008,2025 - 2029,CSE
732925CSR118,PRATHIK MAKESH,27/12/2007,2025 - 2029,CSE
732925CSR119,PRAVEEN M,09/10/2007,2025 - 2029,CSE
732925CSR120,PRIYANKA S,25/06/2008,2025 - 2029,CSE
732925CSR121,PRIYANTHKUMAR E,30/12/2007,2025 - 2029,CSE
732925CSR122,RAAGAAVAN S,15/10/2007,2025 - 2029,CSE
732925CSR123,RAGHUL K B,09/11/2007,2025 - 2029,CSE
732925CSR124,RAJ PRABHU R,08/10/2007,2025 - 2029,CSE
732925CSR125,RAJESWARI R R,13/06/2007,2025 - 2029,CSE
732925CSR126,RAKSHITA S N,18/08/2007,2025 - 2029,CSE
732925CSR127,RENUKA U,06/12/2007,2025 - 2029,CSE
732925CSR128,RESHMA R,29/05/2007,2025 - 2029,CSE
732925CSR129,RITHIKA B,24/03/2008,2025 - 2029,CSE
732925CSR130,RITHISH N J,02/01/2008,2025 - 2029,CSE
732925CSR131,RIZVAN R,29/01/2008,2025 - 2029,CSE
732925CSR132,ROHITA S,25/07/2007,2025 - 2029,CSE
732925CSR133,ROHITH THATCHANA MOORTHI N,06/12/2007,2025 - 2029,CSE
732925CSR134,RUBIGA D,16/09/2007,2025 - 2029,CSE
732925CSR135,RUDRA ILAKKIAN M D,14/06/2008,2025 - 2029,CSE
732925CSR136,SABARI.K,27/10/2007,2025 - 2029,CSE
732925CSR137,SABARIHA R,06/03/2008,2025 - 2029,CSE
732925CSR138,SABITHASHREE S,30/05/2008,2025 - 2029,CSE
732925CSR139,SADHANA S,31/08/2007,2025 - 2029,CSE
732925CSR140,SAHANA T,15/01/2008,2025 - 2029,CSE
732925CSR141,SAI SRI V,04/08/2007,2025 - 2029,CSE
732925CSR142,SAMIKSHA S,30/01/2007,2025 - 2029,CSE
732925CSR143,SANDHIYA C,02/09/2004,2025 - 2029,CSE
732925CSR144,SANJANA R,03/04/2025,2025 - 2029,CSE
732925CSR145,SANTHOSHKUMAR S,01/01/2008,2025 - 2029,CSE
732925CSR146,SASMITHA P,27/05/2008,2025 - 2029,CSE
732925CSR147,SHACHIN R R,05/09/2007,2025 - 2029,CSE
732925CSR148,SHANMITHA K,29/08/2007,2025 - 2029,CSE
732925CSR149,SHREE HARINI B,19/07/2008,2025 - 2029,CSE
732925CSR150,SOWMITHRA G V,26/07/2008,2025 - 2029,CSE
732925CSR151,SOWMIYA G,29/09/2007,2025 - 2029,CSE
732925CSR152,SRI HARI PRANAV D,31/01/2008,2025 - 2029,CSE
732925CSR153,SRI VARSHINI R J,09/09/2006,2025 - 2029,CSE
732925CSR154,SRI VISHNU SANTH B,09/04/2008,2025 - 2029,CSE
732925CSR155,SUBHAHARINI S,28/08/2007,2025 - 2029,CSE
732925CSR156,SUHITA S,14/08/2008,2025 - 2029,CSE
732925CSR157,SUJAI S P,08/02/2008,2025 - 2029,CSE
732925CSR158,SUMITHRADEVI T,17/11/2007,2025 - 2029,CSE
732925CSR159,SUNIL B,23/11/2007,2025 - 2029,CSE
732925CSR160,SURIYA A P,01/09/2007,2025 - 2029,CSE
732925CSR161,SWAASNA M G,18/08/2008,2025 - 2029,CSE
732925CSR162,SWETHA S,10/12/2007,2025 - 2029,CSE
732925CSR163,THANNUSHIYA T,18/10/2007,2025 - 2029,CSE
732925CSR164,THENNARASU A,22/04/2008,2025 - 2029,CSE
732925CSR165,VAISHALI R,02/10/2007,2025 - 2029,CSE
732925CSR166,VANIKSHA S,28/07/2008,2025 - 2029,CSE
732925CSR167,VARSHA T,18/08/2007,2025 - 2029,CSE
732925CSR168,VARSHINI R,25/11/2007,2025 - 2029,CSE
732925CSR169,VARSHINI V G,15/04/2008,2025 - 2029,CSE
732925CSR170,VETHASURUTHI A,10/04/2008,2025 - 2029,CSE
732925CSR171,VIJAYA MOHAN S,01/07/2008,2025 - 2029,CSE
732925CSR172,VIKASINI S,11/07/2007,2025 - 2029,CSE
732925CSR173,VINETHA S,30/06/2008,2025 - 2029,CSE
732925CSR174,VISALINI S,07/05/2008,2025 - 2029,CSE
732925CSR175,VISALINI S,11/07/2007,2025 - 2029,CSE
732925CSR176,YAZHINI S,26/07/2007,2025 - 2029,CSE
732925CSR177,YOHIDHA V S,18/06/2008,2025 - 2029,CSE
732925CSR178,YUVARAJ S K,09/12/2007,2025 - 2029,CSE
732925CSR179,YUVARAJA D,15/07/2008,2025 - 2029,CSE
732925CSR180,YUVASRI K,16/10/2007,2025 - 2029,CSE
732925ECA001,MANORANJANI C,10/07/2005,2023 - 2027,ECE
732925ECL001,JAISHREE P,19/10/2007,2025 - 2029,ECE
732925ECL002,SATHISH KUMAR S,30/05/2006,2025 - 2029,ECE
732925ECL003,THAARUNKUMAR S,25/03/2008,2025 - 2029,ECE
732925ECR001,ABINAYA T,03/09/2007,2025 - 2029,ECE
732925ECR002,ABISHEEK N,24/04/2008,2025 - 2029,ECE
732925ECR003,AKSHAYAMATHI D S,09/04/2008,2025 - 2029,ECE
732925ECR004,AMIRTHAA M,05/12/2007,2025 - 2029,ECE
732925ECR005,ARAVIND M,03/09/2007,2025 - 2029,ECE
732925ECR006,ARUNADEVI N,06/10/2007,2025 - 2029,ECE
732925ECR007,BALAJI L,09/10/2006,2025 - 2029,ECE
732925ECR008,BALASARATHY S,31/12/2007,2025 - 2029,ECE
732925ECR009,BARATHSANJAI B,24/08/2007,2025 - 2029,ECE
732925ECR010,BAVI SHREE A,21/03/2008,2025 - 2029,ECE
732925ECR011,BHARANIPRIYA L,10/10/2007,2025 - 2029,ECE
732925ECR012,BHOOMIKA T,24/05/2008,2025 - 2029,ECE
732925ECR013,BHUVAN S,12/06/2008,2025 - 2029,ECE
732925ECR014,BOOPATHI M S,15/10/2007,2025 - 2029,ECE
732925ECR015,BRINTHA S,15/08/2007,2025 - 2029,ECE
732925ECR016,DAKSHINA S S,24/03/2008,2025 - 2029,ECE
732925ECR017,DANYA S,06/12/2007,2025 - 2029,ECE
732925ECR018,DARSHAN PT,24/03/2008,2025 - 2029,ECE
732925ECR019,DARSHINI K,01/11/2005,2025 - 2029,ECE
732925ECR020,DEENADHAYALAN P R,08/06/2007,2025 - 2029,ECE
732925ECR021,DEEPAA S L,03/05/2007,2025 - 2029,ECE
732925ECR022,DEEPAK R,19/08/2008,2025 - 2029,ECE
732925ECR023,DEEPAK S,27/02/2008,2025 - 2029,ECE
732925ECR024,DHANU SHRI J P,26/12/2007,2025 - 2029,ECE
732925ECR025,DHANUSHREE S,25/01/2008,2025 - 2029,ECE
732925ECR026,DHARANEESH V S,03/01/2008,2025 - 2029,ECE
732925ECR027,DHARINEESH V,17/12/2007,2025 - 2029,ECE
732925ECR028,DHARNEESH A,27/04/2008,2025 - 2029,ECE
732925ECR029,DHARSHAN N,24/05/2008,2025 - 2029,ECE
732925ECR030,DHARSHAN P G,17/07/2008,2025 - 2029,ECE
732925ECR031,DHARSHAN S,07/03/2008,2025 - 2029,ECE
732925ECR032,DHARUNVENKATESH S,16/09/2007,2025 - 2029,ECE
732925ECR033,DHIVAKAR D,12/07/2008,2025 - 2029,ECE
732925ECR034,DIVYA SRE U S,27/12/2007,2025 - 2029,ECE
732925ECR035,DIVYASRI R,18/03/2008,2025 - 2029,ECE
732925ECR036,DYUKSHA A,30/10/2008,2025 - 2029,ECE
732925ECR037,ENITHA E,14/07/2008,2025 - 2029,ECE
732925ECR038,FATHIMA NUHA M,13/01/2007,2025 - 2029,ECE
732925ECR039,GNANESHH D S,03/10/2007,2025 - 2029,ECE
732925ECR040,GOBIKRISHNAN L,22/10/2007,2025 - 2029,ECE
732925ECR041,GOKUL S,15/12/2007,2025 - 2029,ECE
732925ECR042,GOWRI SANKAR S,10/01/2008,2025 - 2029,ECE
732925ECR043,GOWTHAM C K,22/01/2008,2025 - 2029,ECE
732925ECR044,GOWTHAM R,26/12/2007,2025 - 2029,ECE
732925ECR045,GOWTHAMI K,17/08/2008,2025 - 2029,ECE
732925ECR046,GURU VISHNU S,30/10/2007,2025 - 2029,ECE
732925ECR047,HAMEDA BI M,05/04/2008,2025 - 2029,ECE
732925ECR048,HARIHARAN S K,19/02/2008,2025 - 2029,ECE
732925ECR049,HARINA R,17/06/2007,2025 - 2029,ECE
732925ECR050,HARINI PRIYA Y,04/10/2007,2025 - 2029,ECE
732925ECR051,HARISH S M,22/06/2008,2025 - 2029,ECE
732925ECR052,HARSHAVARDHAN R S,15/07/2007,2025 - 2029,ECE
732925ECR053,HARSHINI C,17/06/2007,2025 - 2029,ECE
732925ECR054,HARSHINI K,12/04/2008,2025 - 2029,ECE
732925ECR055,HEMAVARTHIINI V S,08/09/2007,2025 - 2029,ECE
732925ECR056,IMAYABHARATHI S,12/08/2007,2025 - 2029,ECE
732925ECR057,JACK CHRISTUS W,04/03/2008,2025 - 2029,ECE
732925ECR058,JAGADESH P,13/12/2007,2025 - 2029,ECE
732925ECR059,JAGARATCHAGAN C,15/11/2007,2025 - 2029,ECE
732925ECR060,JAIVANTH K J,13/12/2007,2025 - 2029,ECE
732925ECR061,JAYANANDHINI S,24/12/2006,2025 - 2029,ECE
732925ECR062,JEEVAGUGAN K,21/06/2008,2025 - 2029,ECE
732925ECR063,JEEVANA R,09/01/2008,2025 - 2029,ECE
732925ECR064,JOCHIHAL CHELIAN,17/11/2007,2025 - 2029,ECE
732925ECR065,JOSHNA ISHWARYA B,24/06/2008,2025 - 2029,ECE
732925ECR066,KABIL PV,05/09/2007,2025 - 2029,ECE
732925ECR067,KALPANA DEVI S,17/11/2007,2025 - 2029,ECE
732925ECR068,KAMALI R,05/09/2007,2025 - 2029,ECE
732925ECR069,KANISH V,20/10/2007,2025 - 2029,ECE
732925ECR070,KANISHKA BANNARI S,30/04/2008,2025 - 2029,ECE
732925ECR071,KANISHKA K,27/08/2007,2025 - 2029,ECE
732925ECR072,KANISHKA R,05/09/2007,2025 - 2029,ECE
732925ECR073,KANISHKA S,15/08/2008,2025 - 2029,ECE
732925ECR074,KARTHIK RAJ V,27/08/2007,2025 - 2029,ECE
732925ECR075,KARUKKUVEL G,03/05/2008,2025 - 2029,ECE
732925ECR076,KAVIN R,02/04/2008,2025 - 2029,ECE
732925ECR077,KAVINIRANJAN P,08/02/2008,2025 - 2029,ECE
732925ECR078,KAVIYA C,07/05/2008,2025 - 2029,ECE
732925ECR079,KAVIYA K V,12/07/2007,2025 - 2029,ECE
732925ECR080,KAVIYA R,05/04/2008,2025 - 2029,ECE
732925ECR081,KAVYA SREE V,29/10/2007,2025 - 2029,ECE
732925ECR082,KEERTHANA B,06/03/2008,2025 - 2029,ECE
732925ECR083,KESAVAMOORTHI S,06/09/2007,2025 - 2029,ECE
732925ECR084,KIRAN K,30/04/2008,2025 - 2029,ECE
732925ECR085,KOSALA V R,19/01/2008,2025 - 2029,ECE
732925ECR086,KOWSIKA M,04/07/2008,2025 - 2029,ECE
732925ECR087,KREEISH MITHA R,07/02/2008,2025 - 2029,ECE
732925ECR088,KRITHIKROSHAN A,18/11/2007,2025 - 2029,ECE
732925ECR089,LAKSANA M S,17/09/2008,2025 - 2029,ECE
732925ECR090,LAKSHANA P S,23/08/2008,2025 - 2029,ECE
732925ECR091,LATHISHA M,23/09/2007,2025 - 2029,ECE
732925ECR092,LOGESH S S,12/03/2008,2025 - 2029,ECE
732925ECR093,LOKESHVAR P,27/10/2007,2025 - 2029,ECE
732925ECR094,MADHAN R,21/02/2008,2025 - 2029,ECE
732925ECR095,MADHUMITHA K,29/08/2008,2025 - 2029,ECE
732925ECR096,MAHILMITHRAN K M,18/03/2008,2025 - 2029,ECE
732925ECR097,MANISH M,30/03/2007,2025 - 2029,ECE
732925ECR098,MANOJ KUMAR N,06/07/2008,2025 - 2029,ECE
732925ECR099,MANOJ S,03/08/2008,2025 - 2029,ECE
732925ECR100,MAYILRAJ P,02/11/2007,2025 - 2029,ECE
732925ECR101,MEGHA SRI H,20/02/2008,2025 - 2029,ECE
732925ECR102,MIRACULIN VERONICA S,02/09/2006,2025 - 2029,ECE
732925ECR103,MOOUMITHA S,07/07/2008,2025 - 2029,ECE
732925ECR104,MOUNASREE S,31/08/2008,2025 - 2029,ECE
732925ECR105,MOUNHEESHVAR S K,02/12/2007,2025 - 2029,ECE
732925ECR106,MOUNIKA S,17/04/2008,2025 - 2029,ECE
732925ECR107,MOUSHIKA J,09/09/2007,2025 - 2029,ECE
732925ECR108,MYNAVATHY R S,25/09/2008,2025 - 2029,ECE
732925ECR109,MYTHILI G,27/12/2007,2025 - 2029,ECE
732925ECR110,NAGAJYOTHIKA K,24/12/2007,2025 - 2029,ECE
732925ECR111,NARMATHA S,22/03/2008,2025 - 2029,ECE
732925ECR112,NAVEENKRISHNA R S,05/01/2008,2025 - 2029,ECE
732925ECR113,NAVIKA M,16/08/2007,2025 - 2029,ECE
732925ECR114,NETHIRA M,15/10/2007,2025 - 2029,ECE
732925ECR115,NIKITHA V,15/10/2007,2025 - 2029,ECE
732925ECR116,NITHIL M,26/07/2007,2025 - 2029,ECE
732925ECR117,NIVETHA P,11/11/2007,2025 - 2029,ECE
732925ECR118,PADMASHARAN A K,03/12/2007,2025 - 2029,ECE
732925ECR119,PAVIN S,13/03/2007,2025 - 2029,ECE
732925ECR120,PONARASI V,18/07/2008,2025 - 2029,ECE
732925ECR121,PRADEEP KRISHNA K,19/12/2007,2025 - 2029,ECE
732925ECR122,PRASANNA VENKATESUWARAN S,28/06/2008,2025 - 2029,ECE
732925ECR123,PRAVEEN K U,13/03/2007,2025 - 2029,ECE
732925ECR124,PRAVEENA SRI S,09/09/2008,2025 - 2029,ECE
732925ECR125,PRIYADHARSHAN M,02/03/2008,2025 - 2029,ECE
732925ECR126,PUGAZHENTHI S,10/12/2007,2025 - 2029,ECE
732925ECR127,RAGHAV V,23/03/2008,2025 - 2029,ECE
732925ECR128,RAGHAVI E,24/03/2008,2025 - 2029,ECE
732925ECR129,RAJESWARI R,15/03/2008,2025 - 2029,ECE
732925ECR130,RANJANI S,25/02/2008,2025 - 2029,ECE
732925ECR131,ROHITH P,03/01/2008,2025 - 2029,ECE
732925ECR132,RUBESH R,26/02/2008,2025 - 2029,ECE
732925ECR133,RUTHARESH S N,16/09/2007,2025 - 2029,ECE
732925ECR134,SADHANA M,09/03/2008,2025 - 2029,ECE
732925ECR135,SAMUEL FRANKLIN D,16/12/2007,2025 - 2029,ECE
732925ECR136,SANJAY M,30/08/2007,2025 - 2029,ECE
732925ECR137,SANMATHI S,25/10/2007,2025 - 2029,ECE
732925ECR138,SANTHANALASHAMY V,31/08/2007,2025 - 2029,ECE
732925ECR139,SANTHIYA A,15/03/2008,2025 - 2029,ECE
732925ECR140,SANTHOSH B,20/11/2007,2025 - 2029,ECE
732925ECR141,SANTHOSH K,07/11/2007,2025 - 2029,ECE
732925ECR142,SANTHOSH P,05/09/2007,2025 - 2029,ECE
732925ECR143,SARAVANA SUDHAN S,27/11/2007,2025 - 2029,ECE
732925ECR144,SASIDHARAN V,21/11/2007,2025 - 2029,ECE
732925ECR145,SENTHIL KUMARAN C,23/11/2007,2025 - 2029,ECE
732925ECR146,SENTHIL VEL S,06/08/2007,2025 - 2029,ECE
732925ECR147,SHAJAHAN S,10/04/2007,2025 - 2029,ECE
732925ECR148,SHALINI G,05/01/2008,2025 - 2029,ECE
732925ECR149,SHAMINI J,26/06/2008,2025 - 2029,ECE
732925ECR150,SHAMSIYA S,28/01/2008,2025 - 2029,ECE
732925ECR151,SHANJAYKUMAR V,25/09/2007,2025 - 2029,ECE
732925ECR152,SHARUMITHRA S,24/07/2008,2025 - 2029,ECE
732925ECR153,SHUBHASHREE M,08/11/2007,2025 - 2029,ECE
732925ECR154,SINDHUJA G,01/08/2007,2025 - 2029,ECE
732925ECR155,SINDHUJA V,16/11/2007,2025 - 2029,ECE
732925ECR156,SIVAMURUGESH B,05/02/2008,2025 - 2029,ECE
732925ECR157,SOPIYA S,05/05/2008,2025 - 2029,ECE
732925ECR158,SOUPARNIKA S,16/05/2007,2025 - 2029,ECE
732925ECR159,SRIDHAR S,03/08/2007,2025 - 2029,ECE
732925ECR160,SRIDHAR V,05/10/2007,2025 - 2029,ECE
732925ECR161,SRIMATHI V,18/07/2008,2025 - 2029,ECE
732925ECR162,SRITHAA V,29/07/2007,2025 - 2029,ECE
732925ECR163,SRUTHI G,01/05/2008,2025 - 2029,ECE
732925ECR164,SUGITHASRI M,03/01/2008,2025 - 2029,ECE
732925ECR165,SUVESHYA S,21/03/2007,2025 - 2029,ECE
732925ECR166,TANU SHREE K S,02/12/2007,2025 - 2029,ECE
732925ECR167,TARUNIKA R,09/11/2007,2025 - 2029,ECE
732925ECR168,THAMILMATHI S,22/07/2008,2025 - 2029,ECE
732925ECR169,THAMIRABHARANI B,13/01/2008,2025 - 2029,ECE
732925ECR170,THIRUKKUMARAN S,20/08/2007,2025 - 2029,ECE
732925ECR171,THIRUMALAI S,01/06/2008,2025 - 2029,ECE
732925ECR172,THIRUSELVAM R,07/12/2007,2025 - 2029,ECE
732925ECR173,TRILOKESH S,01/12/2007,2025 - 2029,ECE
732925ECR174,UDHAYAKUMAR N,29/11/2007,2025 - 2029,ECE
732925ECR175,VAINAVI K,02/10/2007,2025 - 2029,ECE
732925ECR176,VAISHALINI N T,09/08/2007,2025 - 2029,ECE
732925ECR177,VAISHNOW S,23/12/2007,2025 - 2029,ECE
732925ECR178,VARSHINIPRIYA P,10/04/2008,2025 - 2029,ECE
732925ECR179,VARUN D K,07/05/2008,2025 - 2029,ECE
732925ECR180,VENKADESH KUMAR K,26/03/2008,2025 - 2029,ECE
732925ECR181,VIGNESH M,20/12/2007,2025 - 2029,ECE
732925ECR182,VIGNESH P,01/07/2008,2025 - 2029,ECE
732925ECR183,VIJAYADHARSHINI A,07/05/2008,2025 - 2029,ECE
732925ECR184,VIKASH M,22/12/2007,2025 - 2029,ECE
732925ECR185,VIMALNATH M,07/05/2008,2025 - 2029,ECE
732925ECR186,VIVEETHA P,02/10/2007,2025 - 2029,ECE
732925ECR187,YAGASRI G,26/06/2008,2025 - 2029,ECE
732925ECR188,YAZHINI P S T,22/08/2007,2025 - 2029,ECE
732925ECR189,YOHASH J,26/04/2008,2025 - 2029,ECE
732925EEL001,ARUL V,30/01/2026,2025 - 2029,EEE
732925EEL002,DHARANEESHWARAN R T,07/03/2008,2025 - 2029,EEE
732925EEL003,SANJAY K S,07/08/2026,2025 - 2029,EEE
732925EEL004,SARAVANAKUMARAN S,02/05/2006,2025 - 2029,EEE
732925EEL005,SHIVANESHKUMAR R,22/11/2007,2025 - 2029,EEE
732925EEL006,VINOTH Y,01/10/2007,2025 - 2029,EEE
732925EER001,AADHIL AHAMMED P S,04/11/2007,2025 - 2029,EEE
732925EER002,ABIRAMI D K,06/02/2007,2025 - 2029,EEE
732925EER003,AMARNATH K R,09/06/2008,2025 - 2029,EEE
732925EER004,ANUJA D A,06/08/2007,2025 - 2029,EEE
732925EER005,ATCHIYA T,25/06/2007,2025 - 2029,EEE
732925EER006,BHARATH M,17/10/2007,2025 - 2029,EEE
732925EER007,DARUNA M,08/03/2007,2025 - 2029,EEE
732925EER008,DHANU SRI E,02/01/2008,2025 - 2029,EEE
732925EER009,DHARANI M,16/09/2007,2025 - 2029,EEE
732925EER010,DHARIKA T,04/01/2008,2025 - 2029,EEE
732925EER011,DHARSHINI BAI B,18/10/2007,2025 - 2029,EEE
732925EER012,DHARSINI S,18/10/2007,2025 - 2029,EEE
732925EER013,DIVYANAND S,12/07/2008,2025 - 2029,EEE
732925EER015,GANESH ARAVIND S,23/10/2007,2025 - 2029,EEE
732925EER016,GOWTHAMI P A,13/04/2008,2025 - 2029,EEE
732925EER017,GURUPRASAD S,30/04/2008,2025 - 2029,EEE
732925EER018,HANIKSHA SRI M,18/06/2007,2025 - 2029,EEE
732925EER019,HARINI P A,13/04/2008,2025 - 2029,EEE
732925EER020,HEMAA SRIEE P V,26/12/2007,2025 - 2029,EEE
732925EER021,HEMAVARSHINI R,01/11/2007,2025 - 2029,EEE
732925EER022,INDHU K,22/12/2007,2025 - 2029,EEE
732925EER023,JAGANATHAN G,25/08/2007,2025 - 2029,EEE
732925EER024,JEEVANANTHAM K,09/05/2007,2025 - 2029,EEE
732925EER025,KALAISELVAN M,18/11/2007,2025 - 2029,EEE
732925EER026,KALYAN N,15/12/2007,2025 - 2029,EEE
732925EER027,KANIKA G T,01/08/2007,2025 - 2029,EEE
732925EER029,KOWSHICKKUMAR S,31/10/2007,2025 - 2029,EEE
732925EER030,KRISHANTH RAJ R S,27/02/2008,2025 - 2029,EEE
732925EER031,KUMARAN C,15/09/2007,2025 - 2029,EEE
732925EER032,LALITH P,16/01/2008,2025 - 2029,EEE
732925EER033,MASILA PUVISHA S,13/11/2007,2025 - 2029,EEE
732925EER034,MITHRA M,03/11/2007,2025 - 2029,EEE
732925EER035,MOHAMED NABIL S,16/07/2007,2025 - 2029,EEE
732925EER036,MOHANRAJ M,08/10/2007,2025 - 2029,EEE
732925EER037,MOHANRAJ V,05/11/2007,2025 - 2029,EEE
732925EER038,MONISHA P,04/08/2008,2025 - 2029,EEE
732925EER039,NAVINASRI S,27/03/2008,2025 - 2029,EEE
732925EER040,NISHA P,10/08/2008,2025 - 2029,EEE
732925EER041,OVIEYA.T,18/01/2008,2025 - 2029,EEE
732925EER042,PARAMASHWARI R,12/06/2008,2025 - 2029,EEE
732925EER043,PONKAVIYA S,26/11/2007,2025 - 2029,EEE
732925EER044,PORKODI K M,15/09/2007,2025 - 2029,EEE
732925EER045,PRADEEP KUMAR S,31/12/2006,2025 - 2029,EEE
732925EER046,SASMITHA M,28/05/2008,2025 - 2029,EEE
732925EER047,SATHIYAPRIYA C,21/01/2008,2025 - 2029,EEE
732925EER048,SELVARAGAVAN J S,29/06/2008,2025 - 2029,EEE
732925EER049,SHEEBA R,26/12/2007,2025 - 2029,EEE
732925EER050,SHITTESH S,15/01/2008,2025 - 2029,EEE
732925EER051,SIVA V M,21/01/2008,2025 - 2029,EEE
732925EER053,SRI MOHARAN T,14/05/2008,2025 - 2029,EEE
732925EER054,SRIMATHI S,27/09/2007,2025 - 2029,EEE
732925EER055,SRITHARAN B,17/12/2007,2025 - 2029,EEE
732925EER056,SUBIKSHA S,06/04/2008,2025 - 2029,EEE
732925EER057,SUBITHRA S,11/03/2008,2025 - 2029,EEE
732925EER058,SUVETHA V N,31/07/2008,2025 - 2029,EEE
732925EER059,SUWETHA S,22/07/2007,2025 - 2029,EEE
732925EER060,VAISHNAVI A,09/08/2007,2025 - 2029,EEE
732925EER061,VEEJAIYA MEENAA M,15/10/2007,2025 - 2029,EEE
732925EER062,VIHASHINI D,08/08/2007,2025 - 2029,EEE
732925MDR001,AAKASHH S,31/12/2007,2025 - 2029,MDE
732925MDR002,BAIRAVI A,17/05/2008,2025 - 2029,MDE
732925MDR003,BAVANA SREE S,30/12/2007,2025 - 2029,MDE
732925MDR004,DEEXITHA L,22/05/2006,2025 - 2029,MDE
732925MDR005,DEVAVARSHINI M A,21/05/2008,2025 - 2029,MDE
732925MDR006,DHANALAKSHMI K,30/03/2008,2025 - 2029,MDE
732925MDR007,DHANIYASRI S,25/09/2007,2025 - 2029,MDE
732925MDR008,DHARSHANA K P,26/12/2007,2025 - 2029,MDE
732925MDR009,DHARSHINI C,26/02/2008,2025 - 2029,MDE
732925MDR010,DHARSHSHINI S,25/03/2008,2025 - 2029,MDE
732925MDR011,DIVYA R,10/11/2007,2025 - 2029,MDE
732925MDR012,ELAMUKIL J,18/02/2008,2025 - 2029,MDE
732925MDR013,GAYATHRI J,21/04/2007,2025 - 2029,MDE
732925MDR014,GOBIKA N,18/06/2007,2025 - 2029,MDE
732925MDR015,HARI KISHOR S,19/07/2008,2025 - 2029,MDE
732925MDR016,HARINI P,04/07/2008,2025 - 2029,MDE
732925MDR017,HARISH P,04/07/2008,2025 - 2029,MDE
732925MDR018,HARISH S,16/03/2008,2025 - 2029,MDE
732925MDR019,HARISHMA M,28/03/2008,2025 - 2029,MDE
732925MDR020,HARITHA E,19/02/2008,2025 - 2029,MDE
732925MDR021,HARIVARDHAN P,06/09/2007,2025 - 2029,MDE
732925MDR022,HESAVARTHINI B,29/11/2007,2025 - 2029,MDE
732925MDR023,INIYA S,15/07/2008,2025 - 2029,MDE
732925MDR024,JANARITHIK J,22/09/2007,2025 - 2029,MDE
732925MDR025,JEEVA V,04/03/2008,2025 - 2029,MDE
732925MDR026,JEEVANANDHAN M,05/02/2008,2025 - 2029,MDE
732925MDR027,JEEVIKA R,23/09/2007,2025 - 2029,MDE
732925MDR028,JOTHI MINMINI S,03/08/2008,2025 - 2029,MDE
732925MDR029,KANIMOZHI P,26/05/2008,2025 - 2029,MDE
732925MDR030,KANISHKA K,26/05/2008,2025 - 2029,MDE
732925MDR031,KANITHA V,05/03/2008,2025 - 2029,MDE
732925MDR032,KARTHIKEYAN A,22/06/2008,2025 - 2029,MDE
732925MDR033,KATHEEJA HILLMIYA A,26/07/2007,2025 - 2029,MDE
732925MDR034,KRISHNA SANKAR P,22/06/2008,2025 - 2029,MDE
732925MDR035,MADHUMITHA S,10/09/2007,2025 - 2029,MDE
732925MDR036,MADHUSRI A,03/11/2007,2025 - 2029,MDE
732925MDR037,MANISA B,10/09/2007,2025 - 2029,MDE
732925MDR038,MRIDULA S,28/12/2007,2025 - 2029,MDE
732925MDR039,MYTHILI A,02/11/2007,2025 - 2029,MDE
732925MDR040,MYTHILI V,19/09/2006,2025 - 2029,MDE
732925MDR041,NANDHINI S,14/07/2008,2025 - 2029,MDE
732925MDR042,NILAVA RASU D,04/10/2008,2025 - 2029,MDE
732925MDR043,NIRSHINTHA J,15/10/2007,2025 - 2029,MDE
732925MDR044,PRAKASH A,26/01/2008,2025 - 2029,MDE
732925MDR045,PRIYA S,22/05/2008,2025 - 2029,MDE
732925MDR046,PUNITHA P,18/06/2008,2025 - 2029,MDE
732925MDR047,RAKSHITHA U S,15/09/2007,2025 - 2029,MDE
732925MDR048,RENUGAPRIYA C,19/08/2007,2025 - 2029,MDE
732925MDR049,SANJAY R A,23/07/2008,2025 - 2029,MDE
732925MDR050,SARAVANAPRIYA S,17/09/2008,2025 - 2029,MDE
732925MDR051,SAVITHA S,25/10/2007,2025 - 2029,MDE
732925MDR052,SENEGA P,21/12/2007,2025 - 2029,MDE
732925MDR053,SINDHUNATHI D D,31/01/2007,2025 - 2029,MDE
732925MDR054,SIVARAJ S,19/11/2007,2025 - 2029,MDE
732925MDR055,SREE MATI M M,10/02/2008,2025 - 2029,MDE
732925MDR056,SRIKA K,26/09/2007,2025 - 2029,MDE
732925MDR057,SRINEVASAN V,28/03/2007,2025 - 2029,MDE
732925MDR058,SUDHARSAN RAAJHAN V S,01/09/2007,2025 - 2029,MDE
732925MDR060,THILAGAVATHI S,05/09/2008,2025 - 2029,MDE
732925MDR061,VINOLAYAA A,15/02/2008,2025 - 2029,MDE
732925MDR062,VISHNUPRIYA S,13/03/2008,2025 - 2029,MDE
732925MDR063,YUVASRI T,20/09/2007,2025 - 2029,MDE
